{"cameraMode":{"drawMode":0,"name":"Shaded","section":"Shading Mode"},"sceneLighting":false,"audioPlay":false,"sceneViewState":{"m_AlwaysRefresh":false,"showFog":true,"showSkybox":false,"showFlares":true,"showImageEffects":true,"showParticleSystems":true,"showVisualEffectGraphs":true,"m_FxEnabled":true},"in2DMode":false,"pivot":{"x":16.825847625732423,"y":-8.983136177062989,"z":-0.26504382491111758},"rotation":{"x":0.19845637679100038,"y":0.6952024698257446,"z":-0.20958061516284944,"w":0.6582615375518799},"size":12.12435531616211,"orthographic":false}