{"cameraMode":{"drawMode":0,"name":"Shaded","section":"Shading Mode"},"sceneLighting":false,"audioPlay":false,"sceneViewState":{"m_AlwaysRefresh":false,"showFog":true,"showSkybox":false,"showFlares":true,"showImageEffects":true,"showParticleSystems":true,"showVisualEffectGraphs":true,"m_FxEnabled":true},"in2DMode":false,"pivot":{"x":181.16371154785157,"y":-99.69526672363281,"z":-1550.2906494140625},"rotation":{"x":0.002385258674621582,"y":0.9974903464317322,"z":-0.042228635400533679,"w":0.05603228509426117},"size":786.5076293945313,"orthographic":false}